order_id,customer_id,product_id,shipment_id,order_status,refund_status,quantity
ORDER0000001,CUST000257,RKM6071262,DELI532777,done,no,1
ORDER0000001,CUST000257,ROL3021269,DELI532777,done,no,9
ORDER0000001,CUST000257,GUT9308232,DELI532777,done,no,9
ORDER0000001,CUST000257,WGN1079933,DELI532777,done,no,5
ORDER0000001,CUST000257,UZJ6286296,DELI532777,done,no,9
ORDER0000001,CUST000257,VMZ1353670,DELI532777,done,no,7
ORDER0000002,CUST000108,SGM8914511,DELI485489,done,yes,9
ORDER0000002,CUST000108,XNF8050270,DELI485489,done,yes,7
ORDER0000004,CUST000056,GUT9308232,DELI411352,done,yes,7
ORDER0000004,CUST000056,SOH5564343,DELI411352,done,yes,6
ORDER0000006,CUST000097,RXT7986310,DELI130987,processing,no,4
ORDER0000008,CUST000371,ROL3021269,DELI370348,processing,yes,1
ORDER0000008,CUST000371,GMP5061366,DELI370348,processing,yes,2
ORDER0000008,CUST000371,SGM0450226,DELI370348,processing,yes,9
ORDER0000009,CUST000219,CVM3031723,DELI807794,processing,yes,5
ORDER0000009,CUST000219,EMC0133040,DELI807794,processing,yes,8
ORDER0000009,CUST000219,GMP3328695,DELI807794,processing,yes,3
ORDER0000010,CUST000214,YOS6212016,DELI170583,processing,yes,7
ORDER0000010,CUST000214,WGN0117710,DELI170583,processing,yes,2
ORDER0000010,CUST000214,NDG9766467,DELI170583,processing,yes,8
ORDER0000010,CUST000214,SOH6265119,DELI170583,processing,yes,7
ORDER0000010,CUST000214,SGM0482033,DELI170583,processing,yes,5
ORDER0000013,CUST000362,WGN9564267,DELI335490,done,no,4
ORDER0000017,CUST000185,BUV3069108,DELI114209,done,yes,9
ORDER0000019,CUST000282,GUT0518829,DELI686545,done,yes,1
ORDER0000019,CUST000282,CVM0760216,DELI686545,done,yes,9
ORDER0000021,CUST000209,RXT2088819,DELI899923,processing,no,4
ORDER0000025,CUST000310,SGM7702649,DELI407249,processing,no,9
ORDER0000026,CUST000111,GMP6835047,DELI544553,processing,no,5
ORDER0000026,CUST000111,SOH8039450,DELI544553,processing,no,3
ORDER0000027,CUST000257,NDG0311423,DELI929745,processing,no,4
ORDER0000028,CUST000293,XNF4550349,DELI592573,processing,no,1
ORDER0000028,CUST000293,BUV1744147,DELI592573,processing,no,9
ORDER0000036,CUST000248,XNF0138216,DELI308190,done,yes,8
ORDER0000036,CUST000248,YOS0682654,DELI308190,done,yes,10
ORDER0000036,CUST000248,SGM8660622,DELI308190,done,yes,5
ORDER0000040,CUST000079,CVM3228990,DELI952555,processing,no,10
ORDER0000040,CUST000079,NDG9450588,DELI952555,processing,no,4
ORDER0000041,CUST000299,CVM5719533,DELI318558,done,no,10
ORDER0000041,CUST000299,SOH6238798,DELI318558,done,no,5
ORDER0000041,CUST000299,NDG0311423,DELI318558,done,no,6
ORDER0000044,CUST000426,YOS6212016,DELI175319,done,yes,2
ORDER0000046,CUST000255,SGM0482033,DELI705103,done,no,9
ORDER0000046,CUST000255,VMZ6554297,DELI705103,done,no,1
ORDER0000049,CUST000310,UZJ1821862,DELI796371,processing,no,10
ORDER0000050,CUST000299,VTN8452917,DELI426371,processing,no,6
ORDER0000050,CUST000299,SOH5564343,DELI426371,processing,no,5
ORDER0000050,CUST000299,GUT3822418,DELI426371,processing,no,4
ORDER0000055,CUST000064,EMC0133040,DELI797892,processing,no,1
ORDER0000055,CUST000064,GMP9633702,DELI797892,processing,no,5
ORDER0000057,CUST000329,IGV1801931,DELI458026,done,yes,7
ORDER0000061,CUST000209,SOH4196001,DELI273244,processing,no,10
ORDER0000061,CUST000209,CVM7108641,DELI273244,processing,no,5
ORDER0000061,CUST000209,VTN8995065,DELI273244,processing,no,7
ORDER0000061,CUST000209,VMZ1353670,DELI273244,processing,no,6
ORDER0000066,CUST000222,XNF7023344,DELI114435,done,no,9
ORDER0000067,CUST000089,WGN4286986,DELI683454,done,no,1
ORDER0000067,CUST000089,IGV2445147,DELI683454,done,no,9
ORDER0000067,CUST000089,RXT4875862,DELI683454,done,no,6
ORDER0000068,CUST000320,ROL4985406,DELI461844,processing,yes,4
ORDER0000069,CUST000409,WGN8391303,DELI510899,done,yes,10
ORDER0000071,CUST000313,RKM4596639,DELI530900,processing,yes,9
ORDER0000072,CUST000412,XNF3314925,DELI906440,processing,no,5
ORDER0000072,CUST000412,WGN8890085,DELI906440,processing,no,5
ORDER0000073,CUST000260,GUT5314874,DELI776623,done,yes,8
ORDER0000073,CUST000260,WGN8000358,DELI776623,done,yes,7
ORDER0000074,CUST000045,SGM5902996,DELI210095,processing,yes,8
ORDER0000075,CUST000077,BUV3069108,DELI882401,processing,no,10
ORDER0000075,CUST000077,RQF5434243,DELI882401,processing,no,2
ORDER0000081,CUST000219,VMZ6554297,DELI552920,processing,no,8
ORDER0000081,CUST000219,GUT3822418,DELI552920,processing,no,2
ORDER0000081,CUST000219,SOH8039450,DELI552920,processing,no,6
ORDER0000081,CUST000219,NDG5439274,DELI552920,processing,no,6
ORDER0000081,CUST000219,VTN6860931,DELI552920,processing,no,5
ORDER0000086,CUST000333,VTN8995065,DELI983123,processing,no,2
ORDER0000088,CUST000290,CVM8311069,DELI645775,done,no,9
ORDER0000088,CUST000290,CVM4430522,DELI645775,done,no,10
ORDER0000090,CUST000262,SOH4886681,DELI711069,processing,yes,4
ORDER0000092,CUST000102,WGN8000358,DELI657395,done,yes,5
ORDER0000093,CUST000214,RXT4875862,DELI331809,processing,yes,10
ORDER0000093,CUST000214,YOS2420964,DELI331809,processing,yes,9
ORDER0000093,CUST000214,GUT4219151,DELI331809,processing,yes,6
ORDER0000093,CUST000214,RQF5171622,DELI331809,processing,yes,3
ORDER0000095,CUST000121,NDG8635647,DELI196052,processing,no,4
ORDER0000096,CUST000290,NDG5439274,DELI588157,processing,yes,4
ORDER0000096,CUST000290,UZJ5721996,DELI588157,processing,yes,8
ORDER0000097,CUST000137,EMC2949289,DELI510386,done,no,7
ORDER0000097,CUST000137,SGM0450226,DELI510386,done,no,1
ORDER0000097,CUST000137,NDG9558150,DELI510386,done,no,6
ORDER0000097,CUST000137,CVM5719533,DELI510386,done,no,8
ORDER0000102,CUST000333,CVM3031723,DELI237485,processing,no,5
ORDER0000102,CUST000333,GMP5061366,DELI237485,processing,no,1
ORDER0000105,CUST000121,XNF8461378,DELI370527,done,yes,9
ORDER0000105,CUST000121,WGN1079933,DELI370527,done,yes,10
ORDER0000105,CUST000121,GMP2649022,DELI370527,done,yes,3
ORDER0000106,CUST000064,RKM3819872,DELI648071,done,yes,2
ORDER0000106,CUST000064,WGN2724712,DELI648071,done,yes,1
ORDER0000106,CUST000064,EMC2949289,DELI648071,done,yes,9
ORDER0000106,CUST000064,SGM1168388,DELI648071,done,yes,4
ORDER0000106,CUST000064,VTN3298402,DELI648071,done,yes,1
ORDER0000106,CUST000064,NDG8134832,DELI648071,done,yes,1
ORDER0000107,CUST000352,IGV2445147,DELI958276,processing,no,7
ORDER0000108,CUST000067,GMP3239617,DELI684977,done,no,2
ORDER0000108,CUST000067,IGV4716736,DELI684977,done,no,7
ORDER0000109,CUST000210,CVM7150748,DELI686225,processing,yes,7
ORDER0000109,CUST000210,GUT5314874,DELI686225,processing,yes,10
ORDER0000114,CUST000111,VMZ7358222,DELI356880,processing,yes,4
ORDER0000114,CUST000111,GUT5314874,DELI356880,processing,yes,8
ORDER0000114,CUST000111,UZJ9680772,DELI356880,processing,yes,5
ORDER0000114,CUST000111,RXT6292302,DELI356880,processing,yes,4
ORDER0000115,CUST000412,NDG9450588,DELI346863,processing,no,6
ORDER0000115,CUST000412,RQF9536186,DELI346863,processing,no,2
ORDER0000115,CUST000412,XNF0138216,DELI346863,processing,no,2
ORDER0000117,CUST000440,GMP3328695,DELI196658,processing,no,9
ORDER0000117,CUST000440,GUT9287045,DELI196658,processing,no,10
ORDER0000118,CUST000378,GUT7213327,DELI463988,processing,yes,3
ORDER0000118,CUST000378,NDG5839108,DELI463988,processing,yes,10
ORDER0000121,CUST000209,GMP5061366,DELI176136,done,yes,10
ORDER0000121,CUST000209,VMZ8631818,DELI176136,done,yes,10
ORDER0000123,CUST000362,GMP3251475,DELI241466,processing,no,5
ORDER0000123,CUST000362,SOH4196001,DELI241466,processing,no,9
ORDER0000123,CUST000362,SOH0513569,DELI241466,processing,no,4
ORDER0000128,CUST000185,SOH4886681,DELI964193,processing,no,2
ORDER0000128,CUST000185,SOH8039450,DELI964193,processing,no,7
ORDER0000131,CUST000073,YOS3340791,DELI914610,processing,no,7
ORDER0000131,CUST000073,UZJ5721996,DELI914610,processing,no,9
ORDER0000131,CUST000073,RKM3819872,DELI914610,processing,no,5
ORDER0000132,CUST000295,GUT0518829,DELI760639,processing,no,7
ORDER0000132,CUST000295,WGN0478286,DELI760639,processing,no,4
ORDER0000133,CUST000362,SOH8039450,DELI130987,processing,yes,2
ORDER0000133,CUST000362,GUT0947838,DELI130987,processing,yes,3
ORDER0000133,CUST000362,XNF0138216,DELI130987,processing,yes,2
ORDER0000133,CUST000362,WGN8000358,DELI130987,processing,yes,5
ORDER0000134,CUST000209,EMC6313821,DELI813570,processing,no,6
ORDER0000137,CUST000362,GUT9308232,DELI891283,done,no,8
ORDER0000138,CUST000169,VMZ1353670,DELI330028,processing,yes,4
ORDER0000140,CUST000077,BUV5914630,DELI130631,processing,no,6
ORDER0000142,CUST000366,RQF9536186,DELI713058,processing,yes,3
ORDER0000142,CUST000366,GUT4219151,DELI713058,processing,yes,6
ORDER0000142,CUST000366,CVM7150748,DELI713058,processing,yes,3
ORDER0000143,CUST000214,SOH4886681,DELI523296,done,no,7
ORDER0000143,CUST000214,SGM7702649,DELI523296,done,no,9
ORDER0000143,CUST000214,VTN3298402,DELI523296,done,no,3
ORDER0000143,CUST000214,YOS5367511,DELI523296,done,no,1
ORDER0000143,CUST000214,NDG0052662,DELI523296,done,no,10
ORDER0000144,CUST000383,NDG9766467,DELI368581,processing,no,6
ORDER0000144,CUST000383,VMZ8016303,DELI368581,processing,no,1
ORDER0000144,CUST000383,ZYR1012336,DELI368581,processing,no,1
ORDER0000148,CUST000089,RQF8578163,DELI679605,done,yes,2
ORDER0000148,CUST000089,NDG6626952,DELI679605,done,yes,5
ORDER0000152,CUST000366,YOS0518704,DELI911971,processing,yes,9
ORDER0000152,CUST000366,GMP9633702,DELI911971,processing,yes,6
ORDER0000152,CUST000366,GMP2306609,DELI911971,processing,yes,4
ORDER0000152,CUST000366,SGM5902996,DELI911971,processing,yes,1
ORDER0000152,CUST000366,WGN4819865,DELI911971,processing,yes,8
ORDER0000154,CUST000236,XNF0138216,DELI811000,processing,yes,8
ORDER0000154,CUST000236,CVM3228990,DELI811000,processing,yes,6
ORDER0000154,CUST000236,RXT4201987,DELI811000,processing,yes,8
ORDER0000156,CUST000308,XNF4550349,DELI461844,processing,yes,5
ORDER0000157,CUST000138,RXT4201987,DELI109820,done,yes,10
ORDER0000157,CUST000138,GMP5784022,DELI109820,done,yes,10
ORDER0000158,CUST000333,VMZ8631818,DELI915076,done,yes,8
ORDER0000160,CUST000329,XNF3314925,DELI673188,processing,no,8
ORDER0000166,CUST000089,WGN1079933,DELI936201,done,no,10
ORDER0000167,CUST000322,ZYR1012336,DELI510386,done,yes,3
ORDER0000169,CUST000329,VTN5556900,DELI116096,done,no,4
ORDER0000171,CUST000295,YOS3340791,DELI768325,processing,yes,1
ORDER0000171,CUST000295,YOS6089591,DELI768325,processing,yes,1
ORDER0000171,CUST000295,VTN1911037,DELI768325,processing,yes,3
ORDER0000173,CUST000308,GUT6481574,DELI463383,processing,yes,8
ORDER0000173,CUST000308,WGN8774894,DELI463383,processing,yes,3
ORDER0000173,CUST000308,GUT9287045,DELI463383,processing,yes,7
ORDER0000175,CUST000175,XNF9523830,DELI133617,processing,yes,4
ORDER0000175,CUST000175,ZYR1012336,DELI133617,processing,yes,3
ORDER0000175,CUST000175,VMZ0753387,DELI133617,processing,yes,5
ORDER0000181,CUST000045,CVM0760216,DELI361983,processing,no,3
ORDER0000181,CUST000045,EMC6313821,DELI361983,processing,no,1
ORDER0000181,CUST000045,RQF5171622,DELI361983,processing,no,5
ORDER0000182,CUST000087,CVM8541353,DELI954855,done,yes,9
ORDER0000183,CUST000061,BUV5914630,DELI283232,processing,yes,2
ORDER0000183,CUST000061,SOH8039450,DELI283232,processing,yes,7
ORDER0000187,CUST000366,EMC4652289,DELI489945,processing,yes,4
ORDER0000187,CUST000366,NDG8635647,DELI489945,processing,yes,4
ORDER0000187,CUST000366,GMP3251475,DELI489945,processing,yes,2
ORDER0000189,CUST000426,CVM0949863,DELI919896,processing,yes,7
ORDER0000191,CUST000278,SOH6238798,DELI489945,processing,no,6
ORDER0000193,CUST000185,EMC2949289,DELI467879,processing,yes,3
ORDER0000200,CUST000281,RXT2088819,DELI992961,done,no,1
ORDER0000202,CUST000433,NDG8635647,DELI302733,done,no,9
ORDER0000202,CUST000433,IGV2445147,DELI302733,done,no,4
ORDER0000202,CUST000433,SGM1700439,DELI302733,done,no,1
ORDER0000204,CUST000024,GMP5061366,DELI490670,done,no,1
ORDER0000204,CUST000024,SGM0450226,DELI490670,done,no,1
ORDER0000204,CUST000024,NDG8635647,DELI490670,done,no,1
ORDER0000204,CUST000024,VMZ1353670,DELI490670,done,no,4
ORDER0000205,CUST000433,XNF0138216,DELI800073,processing,no,1
ORDER0000205,CUST000433,VMZ0753387,DELI800073,processing,no,2
ORDER0000205,CUST000433,GUT4636895,DELI800073,processing,no,4
ORDER0000205,CUST000433,RXT6152826,DELI800073,processing,no,7
ORDER0000207,CUST000031,CVM4321114,DELI187690,processing,no,7
ORDER0000207,CUST000031,NDG8635647,DELI187690,processing,no,9
ORDER0000209,CUST000045,VTN7507190,DELI685195,processing,yes,6
ORDER0000212,CUST000446,XNF7050724,DELI492221,done,no,3
ORDER0000212,CUST000446,EMC7916619,DELI492221,done,no,2
ORDER0000212,CUST000446,XNF8461378,DELI492221,done,no,1
ORDER0000217,CUST000071,SOH6265119,DELI561561,processing,no,6
ORDER0000217,CUST000071,SOH6238798,DELI561561,processing,no,5
ORDER0000217,CUST000071,XNF7050724,DELI561561,processing,no,8
ORDER0000217,CUST000071,GUT1451607,DELI561561,processing,no,2
ORDER0000218,CUST000293,GMP5061366,DELI340765,processing,yes,1
ORDER0000219,CUST000383,CVM3228990,DELI375532,processing,no,7
ORDER0000219,CUST000383,GUT4636895,DELI375532,processing,no,6
ORDER0000219,CUST000383,WGN9564267,DELI375532,processing,no,8
ORDER0000221,CUST000257,EMC9818609,DELI681474,processing,no,2
ORDER0000221,CUST000257,VTN7507190,DELI681474,processing,no,8
ORDER0000223,CUST000077,NDG6626952,DELI192375,processing,yes,9
ORDER0000225,CUST000426,VTN7673932,DELI828819,processing,no,4
ORDER0000225,CUST000426,ROL6572929,DELI828819,processing,no,9
ORDER0000225,CUST000426,NDG9450588,DELI828819,processing,no,4
ORDER0000227,CUST000056,GUT1774517,DELI140395,done,no,4
ORDER0000228,CUST000440,VMZ0003081,DELI503887,processing,no,8
ORDER0000230,CUST000089,XNF5619497,DELI820714,processing,no,6
ORDER0000230,CUST000089,EMC6280101,DELI820714,processing,no,8
ORDER0000230,CUST000089,UZJ1821862,DELI820714,processing,no,7
ORDER0000232,CUST000319,EMC5471934,DELI546117,processing,yes,4
ORDER0000232,CUST000319,GMP2649022,DELI546117,processing,yes,2
ORDER0000233,CUST000372,CVM7108641,DELI680642,done,no,8
ORDER0000234,CUST000433,GMP2649022,DELI248573,done,yes,9
ORDER0000234,CUST000433,XNF8050270,DELI248573,done,yes,4
ORDER0000234,CUST000433,NDG5439274,DELI248573,done,yes,4
ORDER0000234,CUST000433,BUV5914630,DELI248573,done,yes,5
ORDER0000237,CUST000257,XNF9652800,DELI998723,done,yes,6
ORDER0000241,CUST000200,UZJ5982377,DELI977280,processing,yes,6
ORDER0000241,CUST000200,XNF2417894,DELI977280,processing,yes,3
ORDER0000241,CUST000200,XNF9146114,DELI977280,processing,yes,1
ORDER0000241,CUST000200,CVM8311069,DELI977280,processing,yes,9
ORDER0000241,CUST000200,CVM8701177,DELI977280,processing,yes,9
ORDER0000243,CUST000366,ZYR6898465,DELI688608,processing,yes,4
ORDER0000243,CUST000366,IGV0776716,DELI688608,processing,yes,7
ORDER0000243,CUST000366,UZJ1079680,DELI688608,processing,yes,2
ORDER0000247,CUST000371,SOH1230566,DELI846842,processing,yes,6
ORDER0000249,CUST000320,XNF4550349,DELI660528,done,yes,2
ORDER0000249,CUST000320,YOS0682654,DELI660528,done,yes,3
ORDER0000251,CUST000311,XNF0138216,DELI256519,processing,yes,9
ORDER0000254,CUST000261,RQF1643393,DELI948168,done,yes,7
ORDER0000256,CUST000067,NDG5439274,DELI911971,processing,no,6
ORDER0000256,CUST000067,SOH6672162,DELI911971,processing,no,8
ORDER0000261,CUST000222,SGM1261956,DELI469661,done,no,3
ORDER0000261,CUST000222,GMP0900162,DELI469661,done,no,3
ORDER0000261,CUST000222,EMC4652289,DELI469661,done,no,4
ORDER0000263,CUST000430,SGM8660622,DELI463383,processing,yes,9
ORDER0000263,CUST000430,RXT7986310,DELI463383,processing,yes,2
ORDER0000263,CUST000430,GUT6481574,DELI463383,processing,yes,5
ORDER0000264,CUST000295,EMC6280101,DELI510899,done,no,1
ORDER0000264,CUST000295,NDG0052662,DELI510899,done,no,4
ORDER0000264,CUST000295,UZJ6286296,DELI510899,done,no,2
ORDER0000265,CUST000437,EMC2949289,DELI796371,processing,no,8
ORDER0000265,CUST000437,IGV0593877,DELI796371,processing,no,4
ORDER0000266,CUST000426,IGV0984000,DELI702552,processing,yes,5
ORDER0000266,CUST000426,WGN1079933,DELI702552,processing,yes,4
ORDER0000266,CUST000426,ROL9431842,DELI702552,processing,yes,5
ORDER0000270,CUST000356,WGN9564267,DELI671504,processing,yes,3
ORDER0000270,CUST000356,VTN8452917,DELI671504,processing,yes,3
ORDER0000270,CUST000356,YOS2243963,DELI671504,processing,yes,8
ORDER0000275,CUST000245,RQF5434243,DELI511150,processing,no,4
ORDER0000277,CUST000111,UZJ5982377,DELI446733,processing,yes,6
ORDER0000277,CUST000111,SGM0450226,DELI446733,processing,yes,8
ORDER0000277,CUST000111,RXT4201987,DELI446733,processing,yes,7
ORDER0000277,CUST000111,CVM2548255,DELI446733,processing,yes,2
ORDER0000280,CUST000214,VMZ1353670,DELI115098,processing,yes,2
ORDER0000282,CUST000315,WGN2724712,DELI736062,processing,yes,3
ORDER0000282,CUST000315,CVM5719533,DELI736062,processing,yes,5
ORDER0000282,CUST000315,CVM3228990,DELI736062,processing,yes,8
ORDER0000282,CUST000315,BUV5972506,DELI736062,processing,yes,8
ORDER0000285,CUST000108,UZJ6286296,DELI523296,done,yes,2
ORDER0000285,CUST000108,EMC9818609,DELI523296,done,yes,1
ORDER0000285,CUST000108,GUT9308232,DELI523296,done,yes,4
ORDER0000287,CUST000440,ROL6572929,DELI958276,processing,yes,5
ORDER0000287,CUST000440,SOH0461882,DELI958276,processing,yes,5
ORDER0000290,CUST000372,VMZ8016303,DELI672620,processing,yes,1
ORDER0000290,CUST000372,SGM1168388,DELI672620,processing,yes,9
ORDER0000293,CUST000276,SOH1230566,DELI213057,done,yes,3
ORDER0000293,CUST000276,BUV5972506,DELI213057,done,yes,6
ORDER0000293,CUST000276,EMC6313821,DELI213057,done,yes,9
ORDER0000299,CUST000300,XNF3197193,DELI785887,processing,no,7
ORDER0000300,CUST000257,CVM8960007,DELI259345,processing,no,8
ORDER0000300,CUST000257,IGV0593877,DELI259345,processing,no,6
ORDER0000300,CUST000257,NDG8134832,DELI259345,processing,no,7
ORDER0000301,CUST000211,GMP6881907,DELI142032,done,yes,1
ORDER0000304,CUST000064,YOS3340791,DELI370527,done,yes,1
ORDER0000305,CUST000067,BUV5972506,DELI467910,done,yes,1
ORDER0000305,CUST000067,VMZ8631818,DELI467910,done,yes,6
ORDER0000307,CUST000219,VTN7507190,DELI883596,processing,no,5
ORDER0000310,CUST000211,SGM0450226,DELI893234,processing,yes,10
ORDER0000311,CUST000278,SGM1168388,DELI418541,processing,no,5
ORDER0000312,CUST000185,XNF3197193,DELI162208,done,yes,9
ORDER0000313,CUST000200,WGN2724712,DELI772403,processing,yes,10
ORDER0000317,CUST000297,WGN8000358,DELI352459,done,no,6
ORDER0000321,CUST000185,GMP6835047,DELI970937,processing,no,1
ORDER0000321,CUST000185,SOH4196001,DELI970937,processing,no,9
ORDER0000321,CUST000185,SOH5564343,DELI970937,processing,no,8
ORDER0000322,CUST000290,NDG9766467,DELI308190,done,no,5
ORDER0000323,CUST000061,GMP2649022,DELI175140,processing,no,6
ORDER0000326,CUST000073,ROL4985406,DELI890825,done,yes,6
ORDER0000327,CUST000026,XNF9523830,DELI332132,done,yes,6
ORDER0000328,CUST000245,VTN6860931,DELI327991,done,yes,2
ORDER0000328,CUST000245,CVM8701177,DELI327991,done,yes,5
ORDER0000331,CUST000320,VTN6099871,DELI120373,processing,no,6
ORDER0000331,CUST000320,WGN8890085,DELI120373,processing,no,6
ORDER0000331,CUST000320,EMC9818609,DELI120373,processing,no,7
ORDER0000331,CUST000320,VMZ5066006,DELI120373,processing,no,8
ORDER0000331,CUST000320,SGM1261956,DELI120373,processing,no,3
ORDER0000332,CUST000293,YOS3340791,DELI506636,processing,yes,6
ORDER0000332,CUST000293,XNF7023344,DELI506636,processing,yes,10
ORDER0000332,CUST000293,SGM1261956,DELI506636,processing,yes,2
ORDER0000333,CUST000311,IGV4716736,DELI570017,processing,no,9
ORDER0000333,CUST000311,GMP5784022,DELI570017,processing,no,2
ORDER0000333,CUST000311,VMZ8016303,DELI570017,processing,no,3
ORDER0000334,CUST000073,GMP2306609,DELI926029,processing,yes,10
ORDER0000334,CUST000073,WGN2326014,DELI926029,processing,yes,2
ORDER0000334,CUST000073,BUV9473177,DELI926029,processing,yes,9
ORDER0000334,CUST000073,ZYR6898465,DELI926029,processing,yes,1
ORDER0000340,CUST000260,YOS2420964,DELI892661,done,yes,1
ORDER0000340,CUST000260,RQF8578163,DELI892661,done,yes,7
ORDER0000340,CUST000260,XNF0138216,DELI892661,done,yes,6
ORDER0000341,CUST000295,VTN7804346,DELI242715,done,yes,5
ORDER0000341,CUST000295,VMZ0753387,DELI242715,done,yes,1
ORDER0000341,CUST000295,ZYR1012336,DELI242715,done,yes,1
ORDER0000342,CUST000266,SOH8039450,DELI915133,processing,no,6
ORDER0000342,CUST000266,WGN2724712,DELI915133,processing,no,10
ORDER0000343,CUST000333,GUT1451607,DELI601282,done,no,7
ORDER0000343,CUST000333,CVM7108641,DELI601282,done,no,10
ORDER0000343,CUST000333,SGM0482033,DELI601282,done,no,10
ORDER0000346,CUST000409,WGN2724712,DELI601282,done,no,2
ORDER0000346,CUST000409,SOH5564343,DELI601282,done,no,10
ORDER0000346,CUST000409,XNF9146114,DELI601282,done,no,8
ORDER0000346,CUST000409,ROL3021269,DELI601282,done,no,2
ORDER0000346,CUST000409,RQF9536186,DELI601282,done,no,3
ORDER0000349,CUST000440,ROL9431842,DELI203458,processing,no,6
ORDER0000349,CUST000440,CVM0760216,DELI203458,processing,no,4
ORDER0000350,CUST000024,SGM8914511,DELI584439,processing,yes,7
ORDER0000352,CUST000426,YOS3340791,DELI229778,processing,yes,9
ORDER0000353,CUST000245,YOS2243963,DELI970937,processing,yes,9
ORDER0000353,CUST000245,BUV3069108,DELI970937,processing,yes,10
ORDER0000355,CUST000333,NDG0052662,DELI564719,processing,no,1
ORDER0000355,CUST000333,XNF4550349,DELI564719,processing,no,2
ORDER0000355,CUST000333,EMC0133040,DELI564719,processing,no,8
ORDER0000358,CUST000238,GMP3251475,DELI998654,processing,yes,8
ORDER0000358,CUST000238,GUT0518829,DELI998654,processing,yes,9
ORDER0000358,CUST000238,SGM8914511,DELI998654,processing,yes,9
ORDER0000361,CUST000315,RQF6814113,DELI426221,processing,no,6
ORDER0000361,CUST000315,WGN2724712,DELI426221,processing,no,6
ORDER0000361,CUST000315,CVM4092847,DELI426221,processing,no,10
ORDER0000362,CUST000209,NDG8134832,DELI258862,done,no,8
ORDER0000364,CUST000011,VTN7673932,DELI575505,done,no,6
ORDER0000367,CUST000308,VTN3298402,DELI619945,processing,no,3
ORDER0000367,CUST000308,XNF7023344,DELI619945,processing,no,7
ORDER0000367,CUST000308,SGM7702649,DELI619945,processing,no,3
ORDER0000367,CUST000308,CVM9752429,DELI619945,processing,no,8
ORDER0000369,CUST000440,XNF4550349,DELI805752,processing,no,6
ORDER0000369,CUST000440,RQF4948374,DELI805752,processing,no,10
ORDER0000369,CUST000440,CVM3031723,DELI805752,processing,no,9
ORDER0000369,CUST000440,CVM3228990,DELI805752,processing,no,4
ORDER0000369,CUST000440,SOH4196001,DELI805752,processing,no,6
ORDER0000369,CUST000440,RKM6071262,DELI805752,processing,no,5
ORDER0000370,CUST000322,XNF0138216,DELI478127,done,no,1
ORDER0000373,CUST000108,SOH1230566,DELI910280,done,no,3
ORDER0000373,CUST000108,RXT2088819,DELI910280,done,no,2
ORDER0000373,CUST000108,EMC0133040,DELI910280,done,no,4
ORDER0000375,CUST000409,GMP6835047,DELI864011,processing,no,1
ORDER0000375,CUST000409,UZJ1079680,DELI864011,processing,no,3
ORDER0000377,CUST000175,RKM6071262,DELI632676,done,yes,3
ORDER0000377,CUST000175,WGN0478286,DELI632676,done,yes,5
ORDER0000380,CUST000121,NDG0934437,DELI404722,processing,yes,9
ORDER0000380,CUST000121,VMZ6554297,DELI404722,processing,yes,5
ORDER0000381,CUST000071,XNF9652800,DELI885148,done,no,2
ORDER0000382,CUST000211,VTN7507190,DELI284490,processing,no,5
ORDER0000382,CUST000211,GMP0900162,DELI284490,processing,no,8
ORDER0000382,CUST000211,WGN8890085,DELI284490,processing,no,4
ORDER0000384,CUST000121,GMP7659138,DELI115098,processing,yes,9
ORDER0000384,CUST000121,EMC6300933,DELI115098,processing,yes,9
ORDER0000387,CUST000290,GMP3251475,DELI762511,done,yes,8
ORDER0000388,CUST000121,VMZ0003081,DELI750460,done,no,8
ORDER0000388,CUST000121,IGV0984000,DELI750460,done,no,8
ORDER0000388,CUST000121,GMP3239617,DELI750460,done,no,1
ORDER0000388,CUST000121,SGM5845897,DELI750460,done,no,6
ORDER0000388,CUST000121,VMZ6554297,DELI750460,done,no,9
ORDER0000391,CUST000138,SGM1168388,DELI302141,processing,no,2
ORDER0000391,CUST000138,RXT7986310,DELI302141,processing,no,7
ORDER0000393,CUST000378,ROL0599310,DELI882106,done,no,9
ORDER0000393,CUST000378,WGN8774894,DELI882106,done,no,7
ORDER0000393,CUST000378,YOS2420964,DELI882106,done,no,4
ORDER0000393,CUST000378,ZYR1012336,DELI882106,done,no,1
ORDER0000395,CUST000315,NDG4392606,DELI893234,processing,no,4
ORDER0000395,CUST000315,WGN2724712,DELI893234,processing,no,4
ORDER0000395,CUST000315,VTN5556900,DELI893234,processing,no,2
ORDER0000396,CUST000362,VMZ8631818,DELI530402,processing,no,10
ORDER0000396,CUST000362,RXT7986310,DELI530402,processing,no,7
ORDER0000399,CUST000245,RKM6071262,DELI273244,processing,no,3
ORDER0000399,CUST000245,YOS4058325,DELI273244,processing,no,4
ORDER0000400,CUST000169,SGM5845897,DELI765510,processing,yes,10
ORDER0000400,CUST000169,VMZ6554297,DELI765510,processing,yes,5
ORDER0000400,CUST000169,RXT1006537,DELI765510,processing,yes,9
ORDER0000400,CUST000169,UZJ7036665,DELI765510,processing,yes,6
ORDER0000400,CUST000169,VTN7507190,DELI765510,processing,yes,4
ORDER0000402,CUST000383,CVM4321114,DELI532777,done,yes,4
ORDER0000404,CUST000282,SGM8914511,DELI970937,processing,yes,2
ORDER0000404,CUST000282,YOS2243963,DELI970937,processing,yes,6
ORDER0000404,CUST000282,IGV4716736,DELI970937,processing,yes,8
ORDER0000405,CUST000219,ROL6572929,DELI352459,done,yes,8
ORDER0000405,CUST000219,XNF8050270,DELI352459,done,yes,7
ORDER0000406,CUST000238,NDG0311423,DELI870395,processing,yes,10
ORDER0000406,CUST000238,BUV5972506,DELI870395,processing,yes,4
ORDER0000408,CUST000169,CVM0949863,DELI852885,processing,no,10
ORDER0000408,CUST000169,EMC6280101,DELI852885,processing,no,6
ORDER0000408,CUST000169,RKM5467286,DELI852885,processing,no,6
ORDER0000415,CUST000238,CVM8541353,DELI705337,processing,no,10
ORDER0000415,CUST000238,BUV5972506,DELI705337,processing,no,10
ORDER0000418,CUST000199,XNF9523830,DELI931130,done,yes,5
ORDER0000421,CUST000138,CVM5719533,DELI333943,processing,yes,8
ORDER0000424,CUST000293,SGM7702649,DELI463457,processing,yes,8
ORDER0000424,CUST000293,ZYR6898465,DELI463457,processing,yes,1
ORDER0000428,CUST000383,RXT7986310,DELI997273,done,no,9
ORDER0000432,CUST000278,WGN8890085,DELI800073,processing,no,3
ORDER0000432,CUST000278,BUV5914630,DELI800073,processing,no,4
ORDER0000432,CUST000278,RXT4875862,DELI800073,processing,no,9
ORDER0000432,CUST000278,CVM8541353,DELI800073,processing,no,3
ORDER0000432,CUST000278,NDG5439274,DELI800073,processing,no,1
ORDER0000435,CUST000108,NDG4392606,DELI951500,processing,no,5
ORDER0000435,CUST000108,GMP0900162,DELI951500,processing,no,1
ORDER0000436,CUST000209,GUT1774517,DELI584439,processing,no,8
ORDER0000438,CUST000262,BUV7254144,DELI853124,done,no,10
ORDER0000440,CUST000352,SGM1168388,DELI324254,processing,no,2
ORDER0000441,CUST000426,NDG5439274,DELI494570,processing,yes,10
ORDER0000442,CUST000281,CVM8701177,DELI978261,processing,yes,3
ORDER0000442,CUST000281,VMZ8631818,DELI978261,processing,yes,1
ORDER0000442,CUST000281,NDG6626952,DELI978261,processing,yes,4
ORDER0000446,CUST000255,SGM8914511,DELI443195,done,yes,2
ORDER0000453,CUST000245,VTN6099871,DELI667545,done,yes,9
ORDER0000456,CUST000261,RQF5171622,DELI370348,processing,yes,9
ORDER0000456,CUST000261,RXT6292302,DELI370348,processing,yes,10
ORDER0000458,CUST000055,WGN1079933,DELI888480,processing,yes,9
ORDER0000460,CUST000077,IGV2445147,DELI335490,done,yes,8
ORDER0000463,CUST000214,SOH3398022,DELI359260,processing,no,6
ORDER0000466,CUST000383,NDG5839108,DELI418541,processing,no,2
ORDER0000468,CUST000310,XNF7023344,DELI178860,processing,yes,5
ORDER0000469,CUST000347,CVM0760216,DELI235087,processing,no,6
ORDER0000469,CUST000347,ROL0434925,DELI235087,processing,no,5
ORDER0000473,CUST000319,UZJ6286296,DELI940757,processing,yes,1
ORDER0000473,CUST000319,EMC4652289,DELI940757,processing,yes,9
ORDER0000473,CUST000319,RQF6814113,DELI940757,processing,yes,3
ORDER0000474,CUST000175,XNF3197193,DELI652926,processing,no,2
ORDER0000475,CUST000097,YOS3340791,DELI762511,done,no,9
ORDER0000475,CUST000097,RXT6292302,DELI762511,done,no,7
ORDER0000477,CUST000409,GUT9308232,DELI120373,processing,no,1
ORDER0000477,CUST000409,IGV0776716,DELI120373,processing,no,4
ORDER0000481,CUST000214,EMC6300933,DELI411352,done,no,9
ORDER0000481,CUST000214,VTN6860931,DELI411352,done,no,6
ORDER0000483,CUST000366,EMC6313821,DELI991409,done,yes,7
ORDER0000486,CUST000440,SGM0450226,DELI988471,processing,yes,7
ORDER0000489,CUST000200,GMP9633702,DELI520721,processing,yes,2
ORDER0000489,CUST000200,GUT5184597,DELI520721,processing,yes,4
ORDER0000489,CUST000200,GUT7213327,DELI520721,processing,yes,8
ORDER0000490,CUST000297,GMP2649022,DELI910280,done,no,3
ORDER0000490,CUST000297,XNF3197193,DELI910280,done,no,10
ORDER0000491,CUST000159,GUT3822418,DELI705337,processing,no,6
ORDER0000491,CUST000159,ZYR6461308,DELI705337,processing,no,6
ORDER0000492,CUST000210,GUT0518829,DELI109820,done,no,9
ORDER0000492,CUST000210,CVM8311069,DELI109820,done,no,9
ORDER0000492,CUST000210,WGN1079933,DELI109820,done,no,4
ORDER0000492,CUST000210,NDG5839108,DELI109820,done,no,9
ORDER0000495,CUST000315,NDG5839108,DELI710766,processing,yes,2
ORDER0000495,CUST000315,IGV4716736,DELI710766,processing,yes,8
ORDER0000495,CUST000315,GUT9287045,DELI710766,processing,yes,4
ORDER0000496,CUST000238,SOH3398022,DELI893990,processing,yes,8
ORDER0000496,CUST000238,RXT7986310,DELI893990,processing,yes,8
ORDER0000496,CUST000238,GUT3822418,DELI893990,processing,yes,6
ORDER0000497,CUST000430,RQF1643393,DELI199241,processing,no,4
ORDER0000497,CUST000430,GMP6835047,DELI199241,processing,no,1
ORDER0000501,CUST000073,BUV7254144,DELI561084,done,no,5
ORDER0000501,CUST000073,GMP9633702,DELI561084,done,no,6
ORDER0000501,CUST000073,UZJ6286296,DELI561084,done,no,3
ORDER0000503,CUST000328,BUV1744147,DELI519545,processing,yes,4
ORDER0000503,CUST000328,EMC0133040,DELI519545,processing,yes,3
ORDER0000506,CUST000313,CVM8541353,DELI428506,processing,yes,4
ORDER0000507,CUST000236,VMZ7358222,DELI801895,processing,no,2
ORDER0000508,CUST000333,GUT5184597,DELI533611,done,yes,10
ORDER0000509,CUST000293,VTN5556900,DELI730481,processing,yes,4
ORDER0000509,CUST000293,NDG2425533,DELI730481,processing,yes,8
ORDER0000509,CUST000293,GMP2649022,DELI730481,processing,yes,10
ORDER0000511,CUST000137,VTN7804346,DELI133617,processing,no,9
ORDER0000511,CUST000137,GUT1774517,DELI133617,processing,no,1
ORDER0000511,CUST000137,CVM0949863,DELI133617,processing,no,2
ORDER0000511,CUST000137,CVM7108641,DELI133617,processing,no,6
ORDER0000511,CUST000137,EMC4652289,DELI133617,processing,no,7
ORDER0000517,CUST000060,YOS2420964,DELI245323,done,yes,2
ORDER0000517,CUST000060,NDG2425533,DELI245323,done,yes,9
ORDER0000518,CUST000300,VTN7507190,DELI853124,done,yes,3
ORDER0000520,CUST000262,VTN8995065,DELI468548,processing,no,8
ORDER0000521,CUST000276,NDG9450588,DELI346200,processing,yes,8
ORDER0000521,CUST000276,SOH6238798,DELI346200,processing,yes,4
ORDER0000521,CUST000276,GMP6835047,DELI346200,processing,yes,7
ORDER0000523,CUST000329,ROL6572929,DELI607687,done,no,2
ORDER0000524,CUST000214,IGV0593877,DELI797892,processing,yes,8
ORDER0000525,CUST000185,RXT1006537,DELI289053,done,no,5
ORDER0000525,CUST000185,VTN8995065,DELI289053,done,no,5
ORDER0000527,CUST000310,CVM4092847,DELI681677,processing,no,4
ORDER0000527,CUST000310,RQF8578163,DELI681677,processing,no,9
ORDER0000527,CUST000310,XNF8461378,DELI681677,processing,no,9
ORDER0000527,CUST000310,BUV5972506,DELI681677,processing,no,6
ORDER0000527,CUST000310,GMP7659138,DELI681677,processing,no,9
ORDER0000530,CUST000071,WGN4286986,DELI488030,processing,no,8
ORDER0000530,CUST000071,YOS6089591,DELI488030,processing,no,9
ORDER0000533,CUST000372,CVM9752429,DELI146694,done,no,6
ORDER0000533,CUST000372,XNF9146114,DELI146694,done,no,9
ORDER0000534,CUST000056,EMC6629775,DELI584439,processing,yes,3
ORDER0000534,CUST000056,XNF5619497,DELI584439,processing,yes,9
ORDER0000536,CUST000211,EMC6313821,DELI367309,processing,yes,10
ORDER0000537,CUST000261,RXT4201987,DELI503103,processing,no,9
ORDER0000537,CUST000261,NDG5839108,DELI503103,processing,no,7
ORDER0000537,CUST000261,CVM8701177,DELI503103,processing,no,5
ORDER0000538,CUST000430,IGV3606646,DELI228112,processing,no,4
ORDER0000538,CUST000430,IGV1801931,DELI228112,processing,no,4
ORDER0000538,CUST000430,GUT4636895,DELI228112,processing,no,10
ORDER0000539,CUST000159,UZJ1079680,DELI766931,processing,yes,8
ORDER0000539,CUST000159,XNF9146114,DELI766931,processing,yes,10
ORDER0000539,CUST000159,ROL9431842,DELI766931,processing,yes,10
ORDER0000542,CUST000276,VMZ6554297,DELI282031,done,no,1
ORDER0000542,CUST000276,GMP6835047,DELI282031,done,no,5
ORDER0000546,CUST000169,NDG0311423,DELI863193,done,yes,8
ORDER0000548,CUST000409,GMP9633702,DELI887645,processing,yes,9
ORDER0000549,CUST000061,WGN4819865,DELI997273,done,no,6
ORDER0000549,CUST000061,RXT7986310,DELI997273,done,no,7
ORDER0000552,CUST000011,SGM1261956,DELI656510,processing,yes,4
ORDER0000553,CUST000219,VMZ7358222,DELI333117,done,yes,7
ORDER0000554,CUST000102,XNF3197193,DELI866662,done,yes,8
ORDER0000554,CUST000102,RXT4201987,DELI866662,done,yes,7
ORDER0000554,CUST000102,CVM0949863,DELI866662,done,yes,3
ORDER0000554,CUST000102,VMZ8631818,DELI866662,done,yes,4
ORDER0000554,CUST000102,YOS6089591,DELI866662,done,yes,7
ORDER0000554,CUST000102,RXT6152826,DELI866662,done,yes,8
ORDER0000555,CUST000315,NDG0934437,DELI570017,processing,yes,7
ORDER0000555,CUST000315,UZJ9680772,DELI570017,processing,yes,9
ORDER0000556,CUST000073,ROL0599310,DELI268799,done,no,9
ORDER0000559,CUST000308,GUT1451607,DELI478127,done,yes,6
ORDER0000559,CUST000308,EMC6313821,DELI478127,done,yes,2
ORDER0000559,CUST000308,SGM5845897,DELI478127,done,yes,8
ORDER0000562,CUST000437,YOS6089591,DELI466208,done,yes,8
ORDER0000562,CUST000437,GMP0900162,DELI466208,done,yes,6
ORDER0000562,CUST000437,GUT0518829,DELI466208,done,yes,10
ORDER0000564,CUST000209,GMP2649022,DELI530900,processing,yes,5
ORDER0000564,CUST000209,RQF1643393,DELI530900,processing,yes,5
ORDER0000564,CUST000209,NDG9766467,DELI530900,processing,yes,8
ORDER0000564,CUST000209,ROL0599310,DELI530900,processing,yes,7
ORDER0000568,CUST000200,BUV5609935,DELI238702,processing,yes,1
ORDER0000568,CUST000200,SOH1230566,DELI238702,processing,yes,7
ORDER0000570,CUST000308,VTN8452917,DELI928237,processing,no,3
ORDER0000570,CUST000308,XNF7023344,DELI928237,processing,no,7
ORDER0000571,CUST000061,YOS6212016,DELI654592,processing,yes,2
ORDER0000571,CUST000061,VTN5556900,DELI654592,processing,yes,3
ORDER0000573,CUST000426,RQF6814113,DELI428800,processing,no,2
ORDER0000574,CUST000315,CVM7150748,DELI680642,done,no,7
ORDER0000575,CUST000366,EMC9818609,DELI493638,processing,no,9
ORDER0000575,CUST000366,RKM2644108,DELI493638,processing,no,6
ORDER0000575,CUST000366,NDG9766467,DELI493638,processing,no,2
ORDER0000576,CUST000011,RXT4201987,DELI546117,processing,no,2
ORDER0000576,CUST000011,WGN1079933,DELI546117,processing,no,9
ORDER0000576,CUST000011,WGN2724712,DELI546117,processing,no,10
ORDER0000576,CUST000011,UZJ1079680,DELI546117,processing,no,8
ORDER0000578,CUST000378,BUV5609935,DELI797892,processing,yes,10
ORDER0000578,CUST000378,VTN8995065,DELI797892,processing,yes,4
ORDER0000578,CUST000378,WGN4286986,DELI797892,processing,yes,10
ORDER0000578,CUST000378,SOH6238798,DELI797892,processing,yes,10
ORDER0000579,CUST000073,ROL3021269,DELI704949,processing,yes,8
ORDER0000579,CUST000073,CVM2548255,DELI704949,processing,yes,2
ORDER0000580,CUST000159,YOS4058325,DELI792480,processing,yes,8
ORDER0000581,CUST000111,XNF4550349,DELI953809,processing,yes,1
ORDER0000581,CUST000111,NDG8134832,DELI953809,processing,yes,1
ORDER0000581,CUST000111,XNF8461378,DELI953809,processing,yes,4
ORDER0000581,CUST000111,XNF8050270,DELI953809,processing,yes,7
ORDER0000590,CUST000159,GMP5784022,DELI996839,processing,yes,8
ORDER0000590,CUST000159,VTN7507190,DELI996839,processing,yes,8
ORDER0000590,CUST000159,VMZ6554297,DELI996839,processing,yes,3
ORDER0000591,CUST000238,CVM2548255,DELI727464,processing,yes,6
ORDER0000591,CUST000238,VMZ0003081,DELI727464,processing,yes,7
ORDER0000593,CUST000308,XNF3314925,DELI932078,processing,no,9
ORDER0000593,CUST000308,EMC8122674,DELI932078,processing,no,6
ORDER0000593,CUST000308,CVM7150748,DELI932078,processing,no,10
ORDER0000595,CUST000313,GMP3239617,DELI907177,processing,no,10
ORDER0000595,CUST000313,RKM5467286,DELI907177,processing,no,5
ORDER0000595,CUST000313,YOS0682654,DELI907177,processing,no,3
ORDER0000596,CUST000185,SGM1168388,DELI516600,processing,no,5
ORDER0000597,CUST000383,NDG5839108,DELI313481,processing,yes,5
ORDER0000597,CUST000383,ROL0434925,DELI313481,processing,yes,1
ORDER0000598,CUST000061,EMC6280101,DELI919896,processing,yes,8
ORDER0000598,CUST000061,GUT5184597,DELI919896,processing,yes,5
ORDER0000598,CUST000061,RQF4948374,DELI919896,processing,yes,5
ORDER0000599,CUST000056,CVM7150748,DELI514290,done,yes,9
ORDER0000599,CUST000056,XNF7050724,DELI514290,done,yes,8
ORDER0000601,CUST000299,SOH6672162,DELI491679,processing,no,1
ORDER0000601,CUST000299,RKM2644108,DELI491679,processing,no,1
ORDER0000605,CUST000175,XNF0138216,DELI307085,processing,no,2
ORDER0000605,CUST000175,WGN4286986,DELI307085,processing,no,9
ORDER0000607,CUST000097,SGM5845897,DELI237485,processing,no,5
ORDER0000607,CUST000097,YOS4058325,DELI237485,processing,no,3
ORDER0000607,CUST000097,YOS6089591,DELI237485,processing,no,6
ORDER0000607,CUST000097,XNF7050724,DELI237485,processing,no,4
ORDER0000608,CUST000261,RQF8578163,DELI960041,done,yes,10
ORDER0000610,CUST000214,WGN4286986,DELI467816,processing,no,9
ORDER0000614,CUST000282,RKM3819872,DELI523296,done,yes,9
ORDER0000616,CUST000137,GMP6881907,DELI508583,processing,no,5
ORDER0000616,CUST000137,CVM7108641,DELI508583,processing,no,10
ORDER0000616,CUST000137,SOH0883208,DELI508583,processing,no,6
ORDER0000616,CUST000137,ROL9431842,DELI508583,processing,no,9
ORDER0000618,CUST000060,NDG8134832,DELI341648,processing,no,5
ORDER0000618,CUST000060,GUT5314874,DELI341648,processing,no,10
ORDER0000618,CUST000060,IGV0593877,DELI341648,processing,no,1
ORDER0000618,CUST000060,XNF3197193,DELI341648,processing,no,10
ORDER0000619,CUST000209,VTN1911037,DELI227980,done,no,6
ORDER0000619,CUST000209,VMZ0003081,DELI227980,done,no,7
ORDER0000620,CUST000245,GUT1774517,DELI818102,processing,yes,5
ORDER0000620,CUST000245,UZJ5721996,DELI818102,processing,yes,1
ORDER0000621,CUST000356,RXT2088819,DELI318558,done,no,6
ORDER0000621,CUST000356,VTN7507190,DELI318558,done,no,10
ORDER0000623,CUST000108,NDG0934437,DELI447114,processing,no,6
ORDER0000624,CUST000329,SOH0513569,DELI967645,processing,no,10
ORDER0000628,CUST000199,YOS0682654,DELI359260,processing,no,2
ORDER0000628,CUST000199,WGN1079933,DELI359260,processing,no,4
ORDER0000631,CUST000011,VMZ8016303,DELI911971,processing,yes,3
ORDER0000632,CUST000347,CVM4092847,DELI463988,processing,no,3
ORDER0000632,CUST000347,CVM9752429,DELI463988,processing,no,6
ORDER0000632,CUST000347,UZJ5721996,DELI463988,processing,no,5
ORDER0000632,CUST000347,GMP6881907,DELI463988,processing,no,6
ORDER0000634,CUST000266,BUV7254144,DELI452378,done,yes,5
ORDER0000634,CUST000266,YOS2243963,DELI452378,done,yes,8
ORDER0000634,CUST000266,SGM5902996,DELI452378,done,yes,4
ORDER0000634,CUST000266,GUT0782649,DELI452378,done,yes,10
ORDER0000636,CUST000073,CVM5719533,DELI722558,done,no,4
ORDER0000636,CUST000073,GMP2306609,DELI722558,done,no,4
ORDER0000637,CUST000281,CVM7150748,DELI124247,processing,no,10
ORDER0000639,CUST000056,WGN0117710,DELI155893,done,no,9
ORDER0000639,CUST000056,GUT4219151,DELI155893,done,no,4
ORDER0000639,CUST000056,SGM1261956,DELI155893,done,no,9
ORDER0000640,CUST000356,GUT7213327,DELI350895,done,no,9
ORDER0000641,CUST000257,RXT4875862,DELI735076,done,yes,6
ORDER0000642,CUST000328,RQF5434243,DELI358697,processing,yes,5
ORDER0000642,CUST000328,SOH6672162,DELI358697,processing,yes,3
ORDER0000642,CUST000328,YOS3340791,DELI358697,processing,yes,5
ORDER0000642,CUST000328,RXT7986310,DELI358697,processing,yes,3
ORDER0000649,CUST000245,XNF2417894,DELI220906,processing,no,5
ORDER0000649,CUST000245,VMZ0003081,DELI220906,processing,no,6
ORDER0000650,CUST000097,IGV0593877,DELI768325,processing,no,4
ORDER0000652,CUST000102,RQF5171622,DELI511150,processing,yes,7
ORDER0000652,CUST000102,BUV5914630,DELI511150,processing,yes,2
ORDER0000653,CUST000409,EMC4652289,DELI500502,done,yes,2
ORDER0000653,CUST000409,CVM0760216,DELI500502,done,yes,2
ORDER0000654,CUST000295,YOS0682654,DELI341648,processing,yes,2
ORDER0000654,CUST000295,VTN7673932,DELI341648,processing,yes,9
ORDER0000656,CUST000356,GMP6881907,DELI864011,processing,no,5
ORDER0000656,CUST000356,GUT5184597,DELI864011,processing,no,1
ORDER0000656,CUST000356,BUV7254144,DELI864011,processing,no,6
ORDER0000663,CUST000238,XNF4550349,DELI887963,done,no,1
ORDER0000664,CUST000322,UZJ5721996,DELI656045,processing,no,10
ORDER0000664,CUST000322,VTN8452917,DELI656045,processing,no,9
ORDER0000667,CUST000329,XNF2417894,DELI686545,done,yes,2
ORDER0000667,CUST000329,BUV5972506,DELI686545,done,yes,8
ORDER0000668,CUST000371,VTN7673932,DELI289053,done,no,2
ORDER0000668,CUST000371,CVM3228990,DELI289053,done,no,2
ORDER0000668,CUST000371,GUT1451607,DELI289053,done,no,1
ORDER0000675,CUST000089,SGM1168388,DELI546459,processing,no,3
ORDER0000675,CUST000089,SGM0482033,DELI546459,processing,no,2
ORDER0000675,CUST000089,XNF3197193,DELI546459,processing,no,3
ORDER0000677,CUST000329,VTN1911037,DELI520721,processing,yes,6
ORDER0000677,CUST000329,SGM1261956,DELI520721,processing,yes,4
ORDER0000677,CUST000329,YOS5367511,DELI520721,processing,yes,8
ORDER0000678,CUST000311,SGM7702649,DELI813557,done,no,3
ORDER0000678,CUST000311,GMP3239617,DELI813557,done,no,3
ORDER0000678,CUST000311,XNF3314925,DELI813557,done,no,3
ORDER0000679,CUST000362,RKM5467286,DELI820714,processing,no,8
ORDER0000679,CUST000362,EMC6629775,DELI820714,processing,no,4
ORDER0000683,CUST000362,BUV5972506,DELI696558,processing,no,1
ORDER0000687,CUST000293,CVM8541353,DELI654592,processing,no,9
ORDER0000687,CUST000293,VMZ7358222,DELI654592,processing,no,3
ORDER0000687,CUST000293,GUT5184597,DELI654592,processing,no,8
ORDER0000688,CUST000108,WGN2724712,DELI981468,processing,yes,9
ORDER0000688,CUST000108,VTN7507190,DELI981468,processing,yes,10
ORDER0000688,CUST000108,GUT3822418,DELI981468,processing,yes,7
ORDER0000688,CUST000108,EMC2949289,DELI981468,processing,yes,4
ORDER0000690,CUST000089,NDG9558150,DELI114435,done,yes,4
ORDER0000692,CUST000138,SGM0482033,DELI730481,processing,yes,4
ORDER0000695,CUST000111,GMP3328695,DELI967800,processing,yes,8
ORDER0000696,CUST000260,CVM2548255,DELI864011,processing,yes,5
ORDER0000696,CUST000260,WGN8890085,DELI864011,processing,yes,5
ORDER0000697,CUST000068,GUT9287045,DELI303228,processing,yes,7
ORDER0000697,CUST000068,GUT4031004,DELI303228,processing,yes,8
ORDER0000697,CUST000068,BUV5914630,DELI303228,processing,yes,9
ORDER0000697,CUST000068,RXT2088819,DELI303228,processing,yes,2
ORDER0000698,CUST000319,XNF0138216,DELI545054,processing,yes,3
ORDER0000701,CUST000352,YOS3505883,DELI359260,processing,no,7
ORDER0000703,CUST000366,VTN6099871,DELI801282,done,no,1
ORDER0000703,CUST000366,GUT5184597,DELI801282,done,no,2
ORDER0000706,CUST000185,GMP3328695,DELI183344,processing,no,6
ORDER0000706,CUST000185,WGN2724712,DELI183344,processing,no,3
ORDER0000706,CUST000185,YOS2243963,DELI183344,processing,no,3
ORDER0000706,CUST000185,GUT0782649,DELI183344,processing,no,4
ORDER0000706,CUST000185,BUV5972506,DELI183344,processing,no,4
ORDER0000707,CUST000430,YOS5430642,DELI636899,processing,no,7
ORDER0000707,CUST000430,NDG0311423,DELI636899,processing,no,3
ORDER0000707,CUST000430,GUT1451607,DELI636899,processing,no,8
ORDER0000711,CUST000299,GMP9633702,DELI117088,processing,yes,5
ORDER0000711,CUST000299,YOS0518704,DELI117088,processing,yes,9
ORDER0000711,CUST000299,EMC8122674,DELI117088,processing,yes,7
ORDER0000712,CUST000236,NDG9766467,DELI834716,processing,no,2
ORDER0000712,CUST000236,ROL9431842,DELI834716,processing,no,1
ORDER0000723,CUST000356,VTN6099871,DELI506636,processing,no,2
ORDER0000723,CUST000356,CVM0949863,DELI506636,processing,no,10
ORDER0000723,CUST000356,NDG5439274,DELI506636,processing,no,2
ORDER0000730,CUST000362,WGN1079933,DELI170583,processing,yes,8
ORDER0000731,CUST000071,GUT3822418,DELI682672,done,yes,4
ORDER0000731,CUST000071,GMP9633702,DELI682672,done,yes,10
ORDER0000731,CUST000071,NDG4392606,DELI682672,done,yes,8
ORDER0000732,CUST000216,EMC2949289,DELI940940,processing,no,10
ORDER0000732,CUST000216,XNF8006664,DELI940940,processing,no,4
ORDER0000734,CUST000255,WGN8890085,DELI227980,done,yes,9
ORDER0000738,CUST000362,XNF5619497,DELI176136,done,yes,9
ORDER0000741,CUST000169,CVM4092847,DELI500502,done,no,9
ORDER0000741,CUST000169,RQF7888611,DELI500502,done,no,4
ORDER0000741,CUST000169,SOH3398022,DELI500502,done,no,9
ORDER0000742,CUST000087,RXT7810350,DELI267227,processing,no,9
ORDER0000742,CUST000087,YOS3340791,DELI267227,processing,no,7
ORDER0000743,CUST000097,VMZ8016303,DELI356880,processing,yes,8
ORDER0000744,CUST000071,XNF5619497,DELI130987,processing,yes,3
ORDER0000747,CUST000282,SGM1168388,DELI543165,processing,no,6
ORDER0000747,CUST000282,VMZ1353670,DELI543165,processing,no,3
ORDER0000747,CUST000282,RQF7888611,DELI543165,processing,no,9
ORDER0000748,CUST000185,GUT0518829,DELI891066,processing,yes,1
ORDER0000748,CUST000185,RQF5434243,DELI891066,processing,yes,10
ORDER0000749,CUST000297,WGN0478286,DELI253200,done,no,3
ORDER0000749,CUST000297,IGV2445147,DELI253200,done,no,10
ORDER0000749,CUST000297,VTN7804346,DELI253200,done,no,7
ORDER0000755,CUST000137,RKM4596639,DELI500993,done,yes,10
ORDER0000755,CUST000137,NDG9450588,DELI500993,done,yes,5
ORDER0000755,CUST000137,BUV7254144,DELI500993,done,yes,7
ORDER0000755,CUST000137,GMP9633702,DELI500993,done,yes,4
ORDER0000757,CUST000089,VTN7507190,DELI349715,processing,no,7
ORDER0000760,CUST000026,NDG2425533,DELI776107,processing,yes,4
ORDER0000762,CUST000433,VTN7673932,DELI607687,done,yes,3
ORDER0000765,CUST000060,SGM0450226,DELI500993,done,no,1
ORDER0000765,CUST000060,VMZ6554297,DELI500993,done,no,9
ORDER0000765,CUST000060,GMP6835047,DELI500993,done,no,1
ORDER0000771,CUST000097,GUT9308232,DELI685195,processing,no,7
ORDER0000771,CUST000097,UZJ7036665,DELI685195,processing,no,9
ORDER0000772,CUST000210,XNF8461378,DELI964193,processing,no,9
ORDER0000772,CUST000210,XNF9652800,DELI964193,processing,no,5
ORDER0000772,CUST000210,VTN7804346,DELI964193,processing,no,1
ORDER0000773,CUST000281,RQF4948374,DELI162208,done,no,6
ORDER0000773,CUST000281,GMP7659138,DELI162208,done,no,8
ORDER0000778,CUST000031,XNF7050724,DELI116726,processing,yes,7
ORDER0000778,CUST000031,ROL0599310,DELI116726,processing,yes,8
ORDER0000783,CUST000260,CVM9752429,DELI744448,processing,yes,2
ORDER0000783,CUST000260,NDG5439274,DELI744448,processing,yes,9
ORDER0000783,CUST000260,XNF7023344,DELI744448,processing,yes,5
ORDER0000786,CUST000261,RQF7888611,DELI792480,processing,yes,2
ORDER0000789,CUST000426,WGN8890085,DELI643083,processing,yes,10
ORDER0000790,CUST000322,UZJ1079680,DELI520934,done,no,2
ORDER0000793,CUST000352,ROL6572929,DELI330408,processing,no,7
ORDER0000793,CUST000352,SGM7702649,DELI330408,processing,no,3
ORDER0000794,CUST000031,EMC6629775,DELI489945,processing,no,8
ORDER0000794,CUST000031,VMZ6554297,DELI489945,processing,no,9
ORDER0000795,CUST000364,NDG8635647,DELI601282,done,yes,7
ORDER0000795,CUST000364,NDG8134832,DELI601282,done,yes,6
ORDER0000795,CUST000364,WGN0478286,DELI601282,done,yes,4
ORDER0000796,CUST000352,SOH6672162,DELI654888,processing,yes,5
ORDER0000796,CUST000352,RQF8578163,DELI654888,processing,yes,8
ORDER0000796,CUST000352,WGN9564267,DELI654888,processing,yes,3
ORDER0000796,CUST000352,XNF8006664,DELI654888,processing,yes,2
ORDER0000796,CUST000352,GMP5784022,DELI654888,processing,yes,3
ORDER0000797,CUST000366,WGN4819865,DELI608428,done,no,7
ORDER0000797,CUST000366,NDG9766467,DELI608428,done,no,8
ORDER0000797,CUST000366,NDG5439274,DELI608428,done,no,1
ORDER0000798,CUST000261,CVM2548255,DELI638726,done,no,7
ORDER0000802,CUST000366,NDG8134832,DELI654888,processing,no,8
ORDER0000802,CUST000366,CVM8541353,DELI654888,processing,no,5
ORDER0000803,CUST000219,EMC9818609,DELI276093,done,yes,3
ORDER0000803,CUST000219,IGV0776716,DELI276093,done,yes,4
ORDER0000803,CUST000219,NDG5439274,DELI276093,done,yes,4
ORDER0000804,CUST000297,GUT9287045,DELI108592,processing,no,8
ORDER0000805,CUST000089,XNF3314925,DELI740656,processing,yes,6
ORDER0000806,CUST000440,RXT4875862,DELI599418,processing,no,7
ORDER0000806,CUST000440,GUT3822418,DELI599418,processing,no,9
ORDER0000806,CUST000440,WGN8890085,DELI599418,processing,no,6
ORDER0000808,CUST000366,RXT7810350,DELI288645,done,yes,3
ORDER0000808,CUST000366,EMC4652289,DELI288645,done,yes,10
ORDER0000808,CUST000366,GMP9633702,DELI288645,done,yes,2
ORDER0000809,CUST000366,XNF9652800,DELI510386,done,yes,1
ORDER0000811,CUST000159,CVM4321114,DELI616498,processing,no,3
ORDER0000811,CUST000159,CVM8311069,DELI616498,processing,no,5
ORDER0000811,CUST000159,BUV7254144,DELI616498,processing,no,9
ORDER0000812,CUST000319,WGN9564267,DELI776107,processing,yes,8
ORDER0000813,CUST000061,SGM1168388,DELI176136,done,yes,9
ORDER0000813,CUST000061,NDG6626952,DELI176136,done,yes,5
ORDER0000813,CUST000061,RXT4201987,DELI176136,done,yes,8
ORDER0000815,CUST000297,CVM0760216,DELI330095,processing,no,3
ORDER0000815,CUST000297,RQF8578163,DELI330095,processing,no,5
ORDER0000819,CUST000426,ROL0599310,DELI972992,done,no,1
ORDER0000822,CUST000200,NDG9450588,DELI342102,processing,yes,10
ORDER0000822,CUST000200,GUT0518829,DELI342102,processing,yes,6
ORDER0000822,CUST000200,RXT1006537,DELI342102,processing,yes,6
ORDER0000822,CUST000200,SOH6672162,DELI342102,processing,yes,4
ORDER0000829,CUST000260,XNF9523830,DELI474130,done,no,7
ORDER0000829,CUST000260,VMZ0753387,DELI474130,done,no,1
ORDER0000829,CUST000260,YOS3340791,DELI474130,done,no,2
ORDER0000829,CUST000260,RXT4875862,DELI474130,done,no,9
ORDER0000833,CUST000245,GMP5784022,DELI546459,processing,yes,9
ORDER0000833,CUST000245,GUT0518829,DELI546459,processing,yes,5
ORDER0000833,CUST000245,WGN0478286,DELI546459,processing,yes,4
ORDER0000834,CUST000056,XNF0138216,DELI187509,processing,no,2
ORDER0000835,CUST000026,EMC6313821,DELI528377,processing,no,3
ORDER0000835,CUST000026,GMP9633702,DELI528377,processing,no,5
ORDER0000837,CUST000067,ZYR6461308,DELI952555,processing,no,4
ORDER0000838,CUST000426,CVM3228990,DELI530900,processing,no,1
ORDER0000838,CUST000426,RQF2232583,DELI530900,processing,no,4
ORDER0000839,CUST000077,SGM5902996,DELI487208,done,no,7
ORDER0000839,CUST000077,VTN6099871,DELI487208,done,no,3
ORDER0000839,CUST000077,RQF5171622,DELI487208,done,no,10
ORDER0000839,CUST000077,YOS2243963,DELI487208,done,no,8
ORDER0000840,CUST000371,VTN7507190,DELI797892,processing,yes,6
ORDER0000840,CUST000371,SOH1230566,DELI797892,processing,yes,6
ORDER0000840,CUST000371,SOH6672162,DELI797892,processing,yes,1
ORDER0000840,CUST000371,NDG5439274,DELI797892,processing,yes,5
ORDER0000841,CUST000299,BUV5609935,DELI636899,processing,no,3
ORDER0000841,CUST000299,RKM6071262,DELI636899,processing,no,10
ORDER0000841,CUST000299,ROL0599310,DELI636899,processing,no,1
ORDER0000843,CUST000311,BUV3069108,DELI341648,processing,yes,10
ORDER0000845,CUST000262,RXT7810350,DELI504387,done,no,6
ORDER0000846,CUST000276,RKM3819872,DELI312759,done,no,9
ORDER0000847,CUST000200,WGN0478286,DELI632676,done,yes,3
ORDER0000847,CUST000200,XNF4550349,DELI632676,done,yes,9
ORDER0000847,CUST000200,CVM8701177,DELI632676,done,yes,4
ORDER0000847,CUST000200,XNF9523830,DELI632676,done,yes,5
ORDER0000848,CUST000175,VTN7507190,DELI739431,processing,yes,7
ORDER0000848,CUST000175,VTN3298402,DELI739431,processing,yes,6
ORDER0000850,CUST000364,VMZ0753387,DELI117088,processing,yes,8
ORDER0000850,CUST000364,EMC6280101,DELI117088,processing,yes,8
ORDER0000850,CUST000364,GUT9287045,DELI117088,processing,yes,8
ORDER0000851,CUST000073,VMZ8016303,DELI196052,processing,no,3
ORDER0000852,CUST000409,XNF7050724,DELI305647,processing,yes,10
ORDER0000852,CUST000409,GMP5784022,DELI305647,processing,yes,6
ORDER0000854,CUST000111,VTN7804346,DELI532777,done,no,10
ORDER0000856,CUST000255,XNF8461378,DELI696558,processing,yes,5
ORDER0000856,CUST000255,RXT7810350,DELI696558,processing,yes,8
ORDER0000856,CUST000255,CVM8701177,DELI696558,processing,yes,1
ORDER0000856,CUST000255,GUT7213327,DELI696558,processing,yes,6
ORDER0000856,CUST000255,BUV5609935,DELI696558,processing,yes,4
ORDER0000857,CUST000310,IGV2445147,DELI238702,processing,yes,5
ORDER0000857,CUST000310,GUT1774517,DELI238702,processing,yes,5
ORDER0000859,CUST000073,UZJ1079680,DELI467879,processing,no,4
ORDER0000860,CUST000257,SOH6672162,DELI531442,processing,no,5
ORDER0000860,CUST000257,WGN8890085,DELI531442,processing,no,1
ORDER0000861,CUST000313,RXT2088819,DELI516600,processing,no,6
ORDER0000865,CUST000362,VTN6860931,DELI182215,done,yes,5
ORDER0000865,CUST000362,GMP0900162,DELI182215,done,yes,4
ORDER0000868,CUST000278,UZJ1079680,DELI638726,done,yes,5
ORDER0000868,CUST000278,ROL0599310,DELI638726,done,yes,7
ORDER0000868,CUST000278,NDG6626952,DELI638726,done,yes,1
ORDER0000868,CUST000278,CVM7150748,DELI638726,done,yes,1
ORDER0000868,CUST000278,CVM2548255,DELI638726,done,yes,5
ORDER0000870,CUST000440,RQF8578163,DELI330564,processing,no,1
ORDER0000870,CUST000440,ZYR6898465,DELI330564,processing,no,2
ORDER0000870,CUST000440,SOH0883208,DELI330564,processing,no,10
ORDER0000870,CUST000440,SGM1261956,DELI330564,processing,no,10
ORDER0000871,CUST000295,WGN2724712,DELI242963,done,yes,7
ORDER0000871,CUST000295,CVM3228990,DELI242963,done,yes,6
ORDER0000872,CUST000412,CVM3228990,DELI741859,processing,yes,8
ORDER0000872,CUST000412,WGN2724712,DELI741859,processing,yes,7
ORDER0000873,CUST000319,NDG9766467,DELI455017,done,yes,10
ORDER0000875,CUST000097,GUT0518829,DELI463988,processing,no,6
ORDER0000876,CUST000200,WGN8000358,DELI336331,done,yes,7
ORDER0000877,CUST000347,ROL0599310,DELI920438,processing,no,10
ORDER0000877,CUST000347,GMP5784022,DELI920438,processing,no,1
ORDER0000878,CUST000137,EMC4652289,DELI601282,done,yes,1
ORDER0000878,CUST000137,YOS3340791,DELI601282,done,yes,7
ORDER0000878,CUST000137,BUV3069108,DELI601282,done,yes,3
ORDER0000879,CUST000257,VTN7673932,DELI196052,processing,yes,3
ORDER0000880,CUST000352,GUT9287045,DELI350895,done,no,5
ORDER0000880,CUST000352,UZJ1821862,DELI350895,done,no,6
ORDER0000882,CUST000295,UZJ1821862,DELI494570,processing,no,3
ORDER0000882,CUST000295,YOS0682654,DELI494570,processing,no,6
ORDER0000883,CUST000437,GUT6481574,DELI428800,processing,yes,3
ORDER0000885,CUST000290,XNF4550349,DELI336331,done,yes,9
ORDER0000885,CUST000290,SOH6265119,DELI336331,done,yes,3
ORDER0000885,CUST000290,XNF9523830,DELI336331,done,yes,6
ORDER0000886,CUST000308,CVM6861119,DELI400080,processing,no,5
ORDER0000886,CUST000308,RXT6152826,DELI400080,processing,no,5
ORDER0000886,CUST000308,GMP0900162,DELI400080,processing,no,6
ORDER0000888,CUST000056,CVM8960007,DELI681677,processing,yes,1
ORDER0000889,CUST000077,SOH0461882,DELI766931,processing,yes,9
ORDER0000889,CUST000077,RXT6152826,DELI766931,processing,yes,5
ORDER0000889,CUST000077,EMC8122674,DELI766931,processing,yes,1
ORDER0000892,CUST000308,SOH4196001,DELI155893,done,no,9
ORDER0000893,CUST000073,NDG2425533,DELI508733,processing,no,8
ORDER0000898,CUST000282,SGM0450226,DELI256519,processing,no,6
ORDER0000899,CUST000071,CVM2548255,DELI555810,processing,no,7
ORDER0000900,CUST000211,BUV7254144,DELI192375,processing,no,10
ORDER0000900,CUST000211,GMP3251475,DELI192375,processing,no,7
ORDER0000900,CUST000211,CVM7108641,DELI192375,processing,no,7
ORDER0000900,CUST000211,RKM4596639,DELI192375,processing,no,7
ORDER0000902,CUST000409,CVM9752429,DELI807794,processing,yes,3
ORDER0000902,CUST000409,EMC6300933,DELI807794,processing,yes,3
ORDER0000903,CUST000320,YOS0682654,DELI128847,processing,no,7
ORDER0000903,CUST000320,XNF8050270,DELI128847,processing,no,2
ORDER0000903,CUST000320,CVM8311069,DELI128847,processing,no,2
ORDER0000903,CUST000320,SOH6672162,DELI128847,processing,no,3
ORDER0000904,CUST000061,CVM7150748,DELI899923,processing,no,4
ORDER0000905,CUST000262,YOS0518704,DELI187509,processing,no,6
ORDER0000907,CUST000315,NDG8635647,DELI508733,processing,no,10
ORDER0000907,CUST000315,VTN7804346,DELI508733,processing,no,10
ORDER0000908,CUST000295,VTN8995065,DELI455017,done,no,7
ORDER0000909,CUST000140,CVM8960007,DELI120373,processing,no,4
ORDER0000912,CUST000333,NDG0934437,DELI532686,processing,no,3
ORDER0000913,CUST000412,RXT2088819,DELI724870,done,no,6
ORDER0000914,CUST000295,VMZ8631818,DELI310443,done,no,5
ORDER0000914,CUST000295,CVM3228990,DELI310443,done,no,5
ORDER0000914,CUST000295,CVM8960007,DELI310443,done,no,2
ORDER0000917,CUST000073,ZYR6898465,DELI978261,processing,no,7
ORDER0000921,CUST000364,SGM0482033,DELI141558,processing,yes,6
ORDER0000921,CUST000364,CVM7108641,DELI141558,processing,yes,1
ORDER0000921,CUST000364,RQF2232583,DELI141558,processing,yes,2
ORDER0000921,CUST000364,XNF4550349,DELI141558,processing,yes,4
ORDER0000923,CUST000097,RXT6292302,DELI283232,processing,yes,8
ORDER0000926,CUST000352,GUT1451607,DELI229589,processing,yes,8
ORDER0000928,CUST000236,CVM4092847,DELI162490,processing,no,7
ORDER0000928,CUST000236,ZYR6211135,DELI162490,processing,no,8
ORDER0000932,CUST000111,SGM5845897,DELI307085,processing,no,2
ORDER0000933,CUST000111,CVM5719533,DELI476092,done,no,3
ORDER0000935,CUST000060,SGM8660622,DELI732365,processing,no,2
ORDER0000936,CUST000068,VMZ2009147,DELI352947,processing,no,1
ORDER0000936,CUST000068,YOS5367511,DELI352947,processing,no,2
ORDER0000936,CUST000068,NDG0311423,DELI352947,processing,no,5
ORDER0000936,CUST000068,CVM6861119,DELI352947,processing,no,9
ORDER0000936,CUST000068,SOH4886681,DELI352947,processing,no,9
ORDER0000936,CUST000068,EMC0133040,DELI352947,processing,no,2
ORDER0000939,CUST000276,CVM4321114,DELI322909,processing,no,3
ORDER0000940,CUST000313,VTN7507190,DELI679605,done,no,1
ORDER0000941,CUST000278,SOH5564343,DELI636899,processing,no,4
ORDER0000941,CUST000278,CVM4430522,DELI636899,processing,no,1
ORDER0000941,CUST000278,GUT4219151,DELI636899,processing,no,1
ORDER0000942,CUST000216,NDG5839108,DELI846842,processing,yes,2
ORDER0000942,CUST000216,RKM3819872,DELI846842,processing,yes,10
ORDER0000947,CUST000276,WGN2326014,DELI765510,processing,no,3
ORDER0000947,CUST000276,EMC0133040,DELI765510,processing,no,1
ORDER0000947,CUST000276,GMP3251475,DELI765510,processing,no,3
ORDER0000951,CUST000290,XNF7050724,DELI676117,processing,yes,7
ORDER0000954,CUST000248,VMZ5066006,DELI764902,processing,no,2
ORDER0000954,CUST000248,EMC8122674,DELI764902,processing,no,4
ORDER0000954,CUST000248,VTN6860931,DELI764902,processing,no,6
ORDER0000962,CUST000061,BUV3069108,DELI910280,done,yes,3
ORDER0000962,CUST000061,SOH4886681,DELI910280,done,yes,4
ORDER0000971,CUST000311,NDG0311423,DELI220906,processing,no,2
ORDER0000972,CUST000426,UZJ9680772,DELI332132,done,no,3
ORDER0000973,CUST000137,RXT1006537,DELI352947,processing,yes,5
ORDER0000973,CUST000137,CVM3031723,DELI352947,processing,yes,10
ORDER0000973,CUST000137,XNF2417894,DELI352947,processing,yes,6
ORDER0000973,CUST000137,RQF7888611,DELI352947,processing,yes,7
ORDER0000974,CUST000067,VTN7804346,DELI778643,processing,yes,4
ORDER0000974,CUST000067,YOS0518704,DELI778643,processing,yes,7
ORDER0000976,CUST000137,SOH5564343,DELI307085,processing,no,3
ORDER0000976,CUST000137,NDG0052662,DELI307085,processing,no,7
ORDER0000977,CUST000064,EMC0133040,DELI656240,done,yes,4
ORDER0000978,CUST000313,ROL0599310,DELI510386,done,no,8
ORDER0000978,CUST000313,XNF3197193,DELI510386,done,no,9
ORDER0000978,CUST000313,IGV0984000,DELI510386,done,no,7
ORDER0000980,CUST000266,WGN8774894,DELI115098,processing,no,9
ORDER0000980,CUST000266,RXT6152826,DELI115098,processing,no,6
ORDER0000980,CUST000266,GMP7659138,DELI115098,processing,no,5
ORDER0000980,CUST000266,VMZ0003081,DELI115098,processing,no,10
ORDER0000980,CUST000266,NDG0934437,DELI115098,processing,no,5
ORDER0000987,CUST000071,EMC4652289,DELI828476,done,no,7
ORDER0000988,CUST000011,GMP6881907,DELI335094,processing,yes,9
ORDER0000988,CUST000011,UZJ1821862,DELI335094,processing,yes,3
ORDER0000989,CUST000137,SOH5564343,DELI260249,processing,no,10
ORDER0000989,CUST000137,GUT9287045,DELI260249,processing,no,5
ORDER0000991,CUST000347,CVM4321114,DELI887645,processing,no,10
ORDER0000992,CUST000328,XNF8461378,DELI592329,processing,yes,1
ORDER0000992,CUST000328,ZYR6211135,DELI592329,processing,yes,4
ORDER0000992,CUST000328,NDG9450588,DELI592329,processing,yes,6
ORDER0000992,CUST000328,IGV0984000,DELI592329,processing,yes,2
ORDER0000996,CUST000111,YOS0682654,DELI722975,done,no,4
ORDER0000996,CUST000111,CVM3228990,DELI722975,done,no,5
ORDER0000997,CUST000060,VTN6860931,DELI907177,processing,no,4
ORDER0000997,CUST000060,ROL0599310,DELI907177,processing,no,9
ORDER0000997,CUST000060,IGV4716736,DELI907177,processing,no,7
ORDER0000997,CUST000060,GUT0947838,DELI907177,processing,no,2
ORDER0000997,CUST000060,GMP2306609,DELI907177,processing,no,1
